{"cameraMode":{"drawMode":0,"name":"Shaded","section":"Shading Mode"},"sceneLighting":false,"audioPlay":false,"sceneViewState":{"m_AlwaysRefresh":false,"showFog":true,"showSkybox":false,"showFlares":true,"showImageEffects":true,"showParticleSystems":true,"showVisualEffectGraphs":true,"m_FxEnabled":true},"in2DMode":false,"pivot":{"x":-0.006328582763671875,"y":1.0884568691253663,"z":7.584282875061035},"rotation":{"x":0.12952153384685517,"y":0.7385218143463135,"z":-0.15367402136325837,"w":0.6444646120071411},"size":1.2274091243743897,"orthographic":false}