{"cameraMode":{"drawMode":0,"name":"Shaded","section":"Shading Mode"},"sceneLighting":true,"audioPlay":false,"sceneViewState":{"m_AlwaysRefresh":false,"showFog":true,"showSkybox":true,"showFlares":true,"showImageEffects":true,"showParticleSystems":true,"showVisualEffectGraphs":true,"m_FxEnabled":true},"in2DMode":false,"pivot":{"x":26.148235321044923,"y":-5.347651481628418,"z":-57.407649993896487},"rotation":{"x":0.010326855815947056,"y":0.9857900142669678,"z":-0.06605783849954605,"w":0.15412063896656037},"size":25.69965171813965,"orthographic":false}