{"cameraMode":{"drawMode":0,"name":"Shaded","section":"Shading Mode"},"sceneLighting":true,"audioPlay":false,"sceneViewState":{"m_AlwaysRefresh":false,"showFog":true,"showSkybox":true,"showFlares":true,"showImageEffects":true,"showParticleSystems":true,"showVisualEffectGraphs":true,"m_FxEnabled":true},"in2DMode":false,"pivot":{"x":3.208860397338867,"y":1.5788887739181519,"z":-5.446617603302002},"rotation":{"x":0.17447546124458314,"y":0.4553352892398834,"z":-0.09150374680757523,"w":0.8682610988616943},"size":0.9433982372283936,"orthographic":false}