{"cameraMode":{"drawMode":0,"name":"Shaded","section":"Shading Mode"},"sceneLighting":true,"audioPlay":false,"sceneViewState":{"m_AlwaysRefresh":false,"showFog":true,"showSkybox":true,"showFlares":true,"showImageEffects":true,"showParticleSystems":true,"showVisualEffectGraphs":true,"m_FxEnabled":true},"in2DMode":false,"pivot":{"x":3.0927252769470217,"y":5.2460832595825199,"z":-16.066057205200197},"rotation":{"x":-0.04207006096839905,"y":0.9476737380027771,"z":-0.14062000811100007,"w":-0.2835196554660797},"size":1.7172900438308716,"orthographic":false}