{"cameraMode":{"drawMode":0,"name":"Shaded","section":"Shading Mode"},"sceneLighting":true,"audioPlay":false,"sceneViewState":{"m_AlwaysRefresh":false,"showFog":true,"showSkybox":true,"showFlares":true,"showImageEffects":true,"showParticleSystems":true,"showVisualEffectGraphs":true,"m_FxEnabled":true},"in2DMode":false,"pivot":{"x":5.263571262359619,"y":5.809035301208496,"z":-1.6116162538528443},"rotation":{"x":0.09052013605833054,"y":0.46068546175956728,"z":-0.04729730263352394,"w":0.8816708326339722},"size":1.7011010646820069,"orthographic":false}