{"cameraMode":{"drawMode":0,"name":"Shaded","section":"Shading Mode"},"sceneLighting":true,"audioPlay":false,"sceneViewState":{"m_AlwaysRefresh":false,"showFog":true,"showSkybox":true,"showFlares":true,"showImageEffects":true,"showParticleSystems":true,"showVisualEffectGraphs":true,"m_FxEnabled":true},"in2DMode":false,"pivot":{"x":11.125927925109864,"y":0.6143535375595093,"z":1.5837669372558594},"rotation":{"x":0.030597789213061334,"y":0.023405447602272035,"z":-0.0007890170090831816,"w":0.9993613958358765},"size":3.169379949569702,"orthographic":false}