{"cameraMode":{"drawMode":0,"name":"Shaded","section":"Shading Mode"},"sceneLighting":true,"audioPlay":false,"sceneViewState":{"m_AlwaysRefresh":false,"showFog":true,"showSkybox":true,"showFlares":true,"showImageEffects":true,"showParticleSystems":true,"showVisualEffectGraphs":true,"m_FxEnabled":true},"in2DMode":false,"pivot":{"x":12.90999984741211,"y":2.200000047683716,"z":-8.029999732971192},"rotation":{"x":-0.10362429916858673,"y":0.011308536864817143,"z":-0.001152866636402905,"w":-0.9946141839027405},"size":0.8660253882408142,"orthographic":false}