{"cameraMode":{"drawMode":0,"name":"Shaded","section":"Shading Mode"},"sceneLighting":true,"audioPlay":false,"sceneViewState":{"m_AlwaysRefresh":false,"showFog":true,"showSkybox":true,"showFlares":true,"showImageEffects":true,"showParticleSystems":true,"showVisualEffectGraphs":true,"m_FxEnabled":true},"in2DMode":false,"pivot":{"x":9.851219177246094,"y":1.7806240320205689,"z":2.0205259323120119},"rotation":{"x":0.02522127330303192,"y":0.7309343814849854,"z":-0.027356300503015519,"w":0.6816974878311157},"size":5.422412872314453,"orthographic":false}