{"cameraMode":{"drawMode":0,"name":"Shaded","section":"Shading Mode"},"sceneLighting":true,"audioPlay":false,"sceneViewState":{"m_AlwaysRefresh":false,"showFog":true,"showSkybox":true,"showFlares":true,"showImageEffects":true,"showParticleSystems":true,"showVisualEffectGraphs":true,"m_FxEnabled":true},"in2DMode":false,"pivot":{"x":4.970813274383545,"y":1.6955240964889527,"z":-10.604305267333985},"rotation":{"x":-0.05492271110415459,"y":-0.6069508790969849,"z":0.04218963161110878,"w":-0.7917801737785339},"size":1.7644939422607422,"orthographic":false}