{"cameraMode":{"drawMode":0,"name":"Shaded","section":"Shading Mode"},"sceneLighting":true,"audioPlay":false,"sceneViewState":{"m_AlwaysRefresh":false,"showFog":true,"showSkybox":true,"showFlares":true,"showImageEffects":true,"showParticleSystems":true,"showVisualEffectGraphs":true,"m_FxEnabled":true},"in2DMode":false,"pivot":{"x":4.069807529449463,"y":0.5726264119148254,"z":-10.991989135742188},"rotation":{"x":0.026262834668159486,"y":0.9734038710594177,"z":-0.1471266746520996,"w":0.17381805181503297},"size":1.7011010646820069,"orthographic":false}