{"cameraMode":{"drawMode":0,"name":"Shaded","section":"Shading Mode"},"sceneLighting":false,"audioPlay":false,"sceneViewState":{"m_AlwaysRefresh":false,"showFog":true,"showSkybox":false,"showFlares":true,"showImageEffects":true,"showParticleSystems":true,"showVisualEffectGraphs":true,"m_FxEnabled":true},"in2DMode":false,"pivot":{"x":-25.356937408447267,"y":7.607374668121338,"z":25.908552169799806},"rotation":{"x":-0.007467777002602816,"y":-0.9891726970672607,"z":-0.055874232202768329,"w":0.13683119416236878},"size":4.8689680099487309,"orthographic":false}