{"cameraMode":{"drawMode":0,"name":"Shaded","section":"Shading Mode"},"sceneLighting":false,"audioPlay":false,"sceneViewState":{"m_AlwaysRefresh":false,"showFog":true,"showSkybox":false,"showFlares":true,"showImageEffects":true,"showParticleSystems":true,"showVisualEffectGraphs":true,"m_FxEnabled":true},"in2DMode":false,"pivot":{"x":11.343339920043946,"y":0.6890700459480286,"z":-0.27671852707862856},"rotation":{"x":-0.016456061974167825,"y":-0.7602742910385132,"z":0.018710289150476457,"w":-0.6496041417121887},"size":7.071067810058594,"orthographic":false}