{"cameraMode":{"drawMode":0,"name":"Shaded","section":"Shading Mode"},"sceneLighting":false,"audioPlay":false,"sceneViewState":{"m_AlwaysRefresh":false,"showFog":true,"showSkybox":false,"showFlares":true,"showImageEffects":true,"showParticleSystems":true,"showVisualEffectGraphs":true,"m_FxEnabled":true},"in2DMode":false,"pivot":{"x":-3.9749488830566408,"y":0.33018535375595095,"z":0.4403243958950043},"rotation":{"x":-0.0037984270602464678,"y":-0.9546398520469666,"z":-0.01263396441936493,"w":0.29783672094345095},"size":0.36412474513053896,"orthographic":false}